Player,ID
Stephen Curry,curryst01
LeBron James,jamesle01
Paul Millsap,millspa01
Gordon Hayward,haywago01
Blake Griffin,griffbl01
Kyle Lowry,lowryky01
Russell Westbrook,westbru01
Mike Conley,conlemi01
James Harden,hardeja01
DeMar DeRozan,derozde01
Al Horford,horfoal01
Carmelo Anthony,anthoca01
Damian Lillard,lillada01
Jrue Holiday,holidjr01
Chris Bosh,boshch01
Kevin Durant,duranke01
Otto Porter,porteot01
Chris Paul,paulch01
C.J. McCollum,mccolcj01
Bradley Beal,bealbr01
Anthony Davis,davisan02
Andre Drummond,drumman01
Hassan Whiteside,whiteha01
Dwight Howard,howardw01
Chandler Parsons,parsoch01
Harrison Barnes,barneha02
J.J. Redick,redicjj01
Marc Gasol,gasolma01
Kevin Love,loveke01
Brook Lopez,lopezbr01
DeAndre Jordan,jordade01
Steven Adams,adamsst01
Giannis Antetokounmpo,antetgi01
Nicolas Batum,batumni01
Rudy Gobert,goberru01
LaMarcus Aldridge,aldrila01
Victor Oladipo,oladivi01
Enes Kanter,kanteen01
Danilo Gallinari,gallida01
Serge Ibaka,ibakase01
George Hill,hillge01
Ryan Anderson,anderry01
Paul George,georgpa01
Allen Crabbe,crabbal01
Jimmy Butler,butleji01
Jeff Teague,teaguje01
Kawhi Leonard,leonaka01
Kyrie Irving,irvinky01
John Wall,walljo01
DeMarcus Cousins,couside01
Greg Monroe,monrogr01
Wesley Matthews,matthwe02
Klay Thompson,thompkl01
Joakim Noah,noahjo01
Kentavious Caldwell-Pope,caldwke01
Luol Deng,denglu01
Evan Turner,turneev01
Goran Dragic,dragigo01
Evan Fournier,fournev01
Bismack Biyombo,biyombi01
Kent Bazemore,bazemke01
Robert Covington,covinro01
Ian Mahinmi,mahinia01
Tim Hardaway,hardati02
Draymond Green,greendr01
Tristan Thompson,thomptr01
Reggie Jackson,jacksre01
Pau Gasol,gasolpa01
Tobias Harris,harrito02
Dwyane Wade,wadedw01
Dennis Schroder,schrode01
Jonas Valanciunas,valanjo01
Tony Parker,parketo01
Timofey Mozgov,mozgoti01
Andre Iguodala,iguodan01
DeMarre Carroll,carrode01
Thaddeus Young,youngth01
Eric Bledsoe,bledser01
Ricky Rubio,rubiori01
Joe Ingles,inglejo01
Gorgui Dieng,dienggo01
Khris Middleton,middlkh01
Mason Plumlee,plumlma01
Taj Gibson,gibsota01
James Johnson,johnsja01
Robin Lopez,lopezro01
J.R. Smith,smithjr01
Brandon Knight,knighbr03
Marvin Williams,willima02
Tyson Chandler,chandty01
Michael Kidd-Gilchrist,kiddgmi01
Eric Gordon,gordoer01
Kenneth Faried,farieke01
Marcin Gortat,gortama01
Cody Zeller,zelleco01
Miles Plumlee,plumlmi01
Nikola Mirotic,mirotni01
Zach Randolph,randoza01
Nikola Vucevic,vucevni01
Solomon Hill,hillso01
Wilson Chandler,chandwi01
Jeremy Lin,linje01
Kemba Walker,walkeke02
Derrick Favors,favorde01
Austin Rivers,riverau01
Courtney Lee,leeco01
Nikola Pekovic,pekovni01
Jordan Clarkson,clarkjo01
John Henson,hensojo01
Dion Waiters,waitedi01
Amir Johnson,johnsam01
Jamal Crawford,crawfja01
Alec Burks,burksal01
Patty Mills,millspa02
Kelly Olynyk,olynyke01
Omer Asik,asikom01
Terrence Ross,rosste01
Mirza Teletovic,teletmi01
Bojan Bogdanovic,bogdabo02
Jon Leuer,leuerjo01
Iman Shumpert,shumpim01
Maurice Harkless,harklma01
Jared Dudley,dudleja01
Darren Collison,collida01
Danny Green,greenda02
Meyers Leonard,leoname01
Tony Snell,snellto01
Al Jefferson,jeffeal01
Matthew Dellavedova,dellama01
Joe Johnson,johnsjo02
Bogdan Bogdanovic,bogdabo01
Andre Roberson,roberan03
Trevor Booker,booketr01
Dwight Powell,poweldw01
Jerryd Bayless,bayleje01
Avery Bradley,bradlav01
JaMychal Green,greenja01
E'Twaun Moore,mooreet01
Rudy Gay,gayru01
Kosta Koufos,koufoko01
Markieff Morris,morrima02
Garrett Temple,templga01
Vince Carter,cartevi01
C.J. Miles,milescj01
Cristiano Felicio,feliccr01
Shaun Livingston,livinsh01
Cory Joseph,josepco01
P.J. Tucker,tuckepj01
Corey Brewer,breweco01
Andrew Wiggins,wiggian01
Darrell Arthur,arthuda01
Channing Frye,fryech01
Trevor Ariza,arizatr01
Al-Farouq Aminu,aminual01
Cole Aldrich,aldrico01
D.J. Augustin,augusdj01
Markelle Fultz,fultzma01
Lou Williams,willilo02
Kyle Korver,korveky01
Jeremy Lamb,lambje01
Boban Marjanovic,marjabo01
Jae Crowder,crowdja01
Jabari Parker,parkeja01
Langston Galloway,gallola01
Lance Thomas,thomala01
Ed Davis,davised01
Marco Belinelli,belinma01
Jonathon Simmons,simmojo02
Lonzo Ball,balllo01
Wayne Ellington,ellinwa01
Isaiah Thomas,thomais02
Karl-Anthony Towns,townska01
Ben Simmons,simmobe01
Joel Embiid,embiijo01
Spencer Hawes,hawessp01
Josh McRoberts,mcrobjo01
Ish Smith,smithis01
Alan Williams,willial03
Shelvin Mack,macksh01
Milos Teodosic,teodomi01
Ersan Ilyasova,ilyaser01
Dewayne Dedmon,dedmode01
Tyler Johnson,johnsty01
Wesley Johnson,johnswe01
Alex Abrines,abrinal01
Jayson Tatum,tatumja01
D'Angelo Russell,russeda01
Brandon Ingram,ingrabr01
Patrick Beverley,beverpa01
Aaron Gordon,gordoaa01
Deron Williams,willide01
Josh Smith,smithjo03
Thabo Sefolosha,sefolth01
Jason Smith,smithja02
Ben McLemore,mclembe01
Patrick Patterson,pattepa01
Nick Young,youngni01
Brandan Wright,wrighbr03
Josh Jackson,jacksjo02
Marcus Morris,morrima03
Dirk Nowitzki,nowitdi01
Greg Monroe,monrogr01
Mike Muscala,muscami01
Jahlil Okafor,okafoja01
Dante Exum,exumda01
Alexis Ajinca,ajincal01
Jaylen Brown,brownja02
Jameer Nelson,nelsoja01
Kyle Singler,singlky01
Justin Holiday,holidju01
De'Aaron Fox,foxde01
Marcus Smart,smartma01
Kristaps Porzingis,porzikr01
Dragan Bender,bendedr01
Devin Harris,harride01
Ron Baker,bakerro01
Jamal Crawford,crawfja01
Aron Baynes,baynear01
Alex Len,lenal01
Nerlens Noel,noelne01
Jonathan Isaac,isaacjo01
Lance Stephenson,stephla01
Julius Randle,randlju01
Kyle O'Quinn,oquinky01
Mario Hezonja,hezonma01
Kris Dunn,dunnkr01
Jonas Jerebko,jerebjo01
Nemanja Bjelica,bjeline01
J.J. Barea,bareajo01
Quincy Pondexter,pondequ01
Lauri Markkanen,markkla01
Nik Stauskas,stausni01
Willie Cauley-Stein,caulewi01
Buddy Hield,hieldbu01
Will Barton,bartowi01
Noah Vonleh,vonleno01
Frank Ntilikina,ntilila01
Nene Hilario,hilarne01
Zaza Pachulia,pachuza01
Troy Daniels,danietr01
Emmanuel Mudiay,mudiaem01
Jamal Murray,murraja01
Elfrid Payton,paytoel01
Rajon Rondo,rondora01
Doug McDermott,mcderdo01
Jodie Meeks,meeksjo01
Tyreke Evans,evansty01
Tarik Black,blackta01
Anthony Tolliver,tollian01
Dennis Smith,smithde03
Zach LaVine,lavinza01
Ekpe Udoh,udohek01
T.J. Warren,warretj01
Stanley Johnson,johnsst04
Marquese Chriss,chrisma01
Zach Collins,colliza01
James Ennis,ennisja01
Seth Curry,curryse01
Mindaugas Kuzminskas,kuzmimi01
Tomas Satoransky,satorto01
Rajon Rondo,rondora01
Lucas Nogueira,noguelu01
Jusuf Nurkic,nurkiju01
Malik Monk,monkma01
Frank Kaminsky,kaminfr01
Andrew Nicholson,nichoan01
Jakob Poeltl,poeltja01
Luke Kennard,kennalu01
Justise Winslow,winslju01
Michael Carter-Williams,cartemi01
Thon Maker,makerth01
Cedi Osman,osmande01
Donovan Mitchell,mitchdo01
Myles Turner,turnemy01
Gary Harris,harriga01
Domantas Sabonis,sabondo01
Manu Ginobili,ginobma01
Reggie Bullock,bullore01
Richard Jefferson,jefferi01
Malcolm Delaney,delanma01
Bam Adebayo,adebaba01
Bruno Caboclo,cabocbr01
Ronnie Price,pricero01
Trey Lyles,lylestr01
Dario Saric,saricda01
Taurean Waller-Prince,princta02
Rodney Hood,hoodro01
Justin Jackson,jacksju01
Shabazz Napier,napiesh01
Clint Capela,capelca01
Arron Afflalo,afflaar01
Raymond Felton,feltora01
Nick Collison,collini01
Ramon Sessions,sessira01
Jarrett Jack,jackja01
Jason Terry,terryja01
Udonis Haslem,hasleud01
Dwyane Wade,wadedw01
David West,westda01
Richard Jefferson,jefferi01
Jose Calderon,caldejo01
Andrew Bogut,bogutan01
Devin Booker,bookede01
Georgios Papagiannis,papagge01
Dante Cunningham,cunnida01
Jameer Nelson,nelsoja01
Justin Patton,pattoju01
Guerschon Yabusele,yabusgu01
Monta Ellis,ellismo01
Cameron Payne,payneca01
Denzel Valentine,valende01
Josh Smith,smithjo03
Kyle Anderson,anderky01
D.J. Wilson,wilsodj01
Matt Barnes,barnema02
Derrick Rose,rosede01
Marreese Speights,speigma01
Michael Beasley,beaslmi01
Aaron Brooks,brookaa01
Luc Mbah a Moute,mbahalu01
JaVale McGee,mcgeeja01
Jeff Green,greenje02
Tony Allen,allento01
Damien Wilkins,wilkida02
Omri Casspi,casspom01
Mario Chalmers,chalmma01
Darius Miller,milleda01
Kelly Oubre,oubreke01
Juan Hernangomez,hernaju01
T.J. Leaf,leaftj01
Tim Frazier,fraziti01
Anthony Tolliver,tollian01
Terry Rozier,roziete01
Luke Babbitt,babbilu01
John Collins,collijo01
Anderson Varejao,varejan01
Rashad Vaughn,vaughra01
Tim Duncan,duncati01
Wade Baldwin,baldwwa01
Larry Sanders,sandela01
Harry Giles,gilesha01
Sam Dekker,dekkesa01
Terrance Ferguson,fergute01
Henry Ellenson,ellenhe01
Eric Moreland,moreler01
Jerian Grant,grantje02
Jarrett Allen,allenja01
Mike Scott,scottmi01
Tyler Zeller,zellety01
Quincy Acy,acyqu01
Malik Beasley,beaslma01
Mike Dunleavy,dunlemi02
Delon Wright,wrighde01
OG Anunoby,anunoog01
Ante Zizic,zizican01
Caris LeVert,leverca01
Justin Anderson,anderju01
Tyler Lydon,lydonty01
Jeff Withey,witheje01
Ian Clark,clarkia01
Shabazz Muhammad,muhamsh01
Willie Reed,reedwi02
DeAndre Liggins,liggide01
DeAndre' Bembry,bembrde01
Joffrey Lauvergne,lauvejo01
Jerami Grant,grantje01
Johnny O'Bryant,obryajo01
Tyler Ennis,ennisty01
Julyan Stone,stoneju01
Sean Kilpatrick,kilpase01
Joe Harris,harrijo01
Spencer Dinwiddie,dinwisp01
Shane Larkin,larkish01
Glenn Robinson,robingl02
Bobby Brown,brownbo02
Bobby Portis,portibo01
Malachi Richardson,richama01
Arron Afflalo,afflaar01
Norman Powell,powelno01
Josh Richardson,richajo01
Rondae Hollis-Jefferson,holliro01
Tyus Jones,jonesty01
Jarell Martin,martija01
Larry Nance,nancela02
Troy Williams,willitr02
Chris McCullough,mcculch01
Raul Neto,netora01
Pat Connaughton,connapa01
Richaun Holmes,holmeri01
T.J. McConnell,mccontj01
Josh Huestis,huestjo01
Jordan Mickey,mickejo01
Montrezl Harrell,harremo01
Joe Young,youngjo01
Kevon Looney,looneke01
Nikola Jokic,jokicni01
Salah Mejri,mejrisa01
Caleb Swanigan,swanica01
Furkan Korkmaz,korkmfu01
Willy Hernangomez,hernawi01
Kyle Kuzma,kuzmaky01
Tony Bradley,bradlto01
Derrick White,whitede01
Josh Hart,hartjo01
Timothe Luwawu-Cabarrot,luwawti01
Kevin Martin,martike02
Brice Johnson,johnsbr02
Pascal Siakam,siakapa01
Dejounte Murray,murrade01
Skal Labissiere,labissk01
A.J. Hammons,hammoaj01
Deyonta Davis,davisde01
Chinanu Onuaku,onuakch01
Damian Jones,jonesda03
Wayne Selden,seldewa01
Cheick Diallo,diallch01
Joel Bolomboy,bolomjo01
Davis Bertans,bertada01
Bryn Forbes,forbebr01
Jake Layman,laymaja01
Tyler Ulis,ulisty01
Marcus Georges-Hunt,georgma01
Malcolm Brogdon,brogdma01
Rodney McGruder,mcgruro01
Andrew Harrison,harrian01
Ivica Zubac,zubaciv01
Patrick McCaw,mccawpa01
Dorian Finney-Smith,finnedo01
Yogi Ferrell,ferreyo01
Treveon Graham,grahatr01
David Nwaba,nwabada01
Paul Zipser,zipsepa01
Isaiah Whitehead,whiteis01
Sheldon Mac,mcclesh01
Okaro White,whiteok01
Nicolas Brussino,brussni01
Diamond Stone,stonedi01
Isaiah Taylor,taylois01
Kay Felder,feldeka01
Fred VanVleet,vanvlfr01
Derrick Jones,jonesde02
Chasson Randle,randlch01
Stephen Zimmerman,zimmest01
Semi Ojeleye,ojelese01
Frank Mason,masonfr01
Abdel Nader,naderab01
Damyean Dotson,dotsoda01
Paul Pierce,piercpa01
Isaiah Canaan,canaais01
Wesley Iwundu,iwundwe01
Livio Jean-Charles,jeancli01
Justin Hamilton,hamilju01
Gerald Henderson,hendege02
Rade Zagorac,zagorra01
Ivan Rabb,rabbiv01
Ike Anigbogu,anigbik01
Gerald Green,greenge01
Jason Thompson,thompja02
Martell Webster,webstma02
Frank Jackson,jacksfr01
Jordan Bell,belljo01
Dakari Johnson,johnsda04
Sterling Brown,brownst02
Dillon Brooks,brookdi01
Sindarius Thornwell,thornsi01
Jawun Evans,evansja01
Dwayne Bacon,bacondw01
Tyler Dorsey,dorsety01
Davon Reed,reedda01
Royce O'Neale,onealro01
Alfonzo McKinnie,mckinal01
Brandon Paul,paulbr01
Khem Birch,birchkh01
Thomas Bryant,bryanth01
Zhou Qi,qizh01
Maxi Kleber,klebima01
Daniel Theis,theisda01
Sean Kilpatrick,kilpase01
Trey Burke,burketr01
Alex Poythress,poythal01
Marco Belinelli,belinma01
Joe Johnson,johnsjo02
Dwight Buycks,buyckdw01
Tyler Cavanaugh,cavanty01
Carlos Delfino,delfica01
Caron Butler,butleca01
Jordan Farmar,farmajo01
Ersan Ilyasova,ilyaser01
Leandro Barbosa,barbole01
Tibor Pleiss,pleisti01
Michael Gbinije,gbinimi01
Aaron Gray,grayaa01
Festus Ezeli,ezelife01
C.J. Watson,watsocj01
Gal Mekel,mekelga01
Miroslav Raduljica,radulmi01
Cameron Oliver,oliveca01
Ramon Sessions,sessira01
Jordan Crawford,crawfjo02
Emeka Okafor,okafoem01
Brandon Jennings,jennibr01
Wade Baldwin,baldwwa01
Isaiah Canaan,canaais01
Rakeem Christmas,chrisra01
DeAndre Liggins,liggide01
Sean Kilpatrick,kilpase01
Rashad Vaughn,vaughra01
David Stockton,stockda01
Troy Williams,willitr02
Larry Drew,drewla02
Travis Wear,weartr01
Carrick Felix,felixca01
Brandon Rush,rushbr01
Jeremy Evans,evansje01
Derrick Williams,willide02
K.J. McDaniels,mcdankj01
Marshall Plumlee,plumlma02
Georges Niang,niangge01
Quinn Cook,cookqu01
Demetrius Jackson,jacksde01
Kyle Collinsworth,colliky01
Josh Gray,grayjo01
Naz Mitrou-Long,mitrona01
Nigel Hayes,hayesni01
Shaquille Harrison,harrish01
Rodney Purvis,purviro01
Walt Lemon Jr.,lemonwa01
Antonius Cleveland,clevean01
Damion Lee,leeda03
Jaylen Morris,morrija01
Mike James,jamesmi02
MarShon Brooks,brookma01
Jarell Eddie,eddieja01
Jarell Eddie,eddieja01
Briante Weber,weberbr01
Marquis Teague,teaguma01
Aaron Harrison,harriaa01
Demetrius Jackson,jacksde01
Georgios Papagiannis,papagge01
Scotty Hopson,hopsosc01
Okaro White,whiteok01
Xavier Silas,silasxa01
Isaiah Canaan,canaais01
Tyler Cavanaugh,cavanty01
Kyle Collinsworth,colliky01
Demetrius Jackson,jacksde01
Daniel Ochefu,ochefda01
Michael Young,youngmi02
Eric Griffin,griffer01
Nate Wolters,woltena01
Naz Mitrou-Long,mitrona01
James Michael McAdoo,mcadoja01
Jacob Pullen,pulleja01
Nigel Hayes,hayesni01
Jalen Moore,mooreja02
Gary Payton,paytoga02
Matt Williams,willima05
Vince Hunter,huntevi01
Briante Weber,weberbr01
Vander Blue,blueva01
V.J. Beachem,beachvj01
Jamil Wilson,wilsoja02
Briante Weber,weberbr01
Luis Montero,montelu01
Antonius Cleveland,clevean01
Gian Clavell,clavegi01
Diamond Stone,stonedi01
Yakuba Ouattara,ouattya01
Jeremy Evans,evansje01
Nigel Hayes,hayesni01
Xavier Rathan-Mayes,rathaxa01
Trey McKinney-Jones,mckintr01
Le'Bryan Nash,nashle01
Jameel Warney,warneja01
Marcus Thornton,thornma02
DeAndre Liggins,liggide01
Axel Toupane,toupaax01
Quinn Cook,cookqu01
Chris Johnson,johnsch04
Beno Udrih,udrihbe01
Joel Bolomboy,bolomjo01
Jarell Eddie,eddieja01
